AverageRetailPriceperOz,SoldDate,AverageRetailPriceperGm,Unit
355.5,1/31/2022,12.54,Grams
411.63,4/25/2019,14.52,Grams
342.75,3/7/2022,12.09,Grams
172.65,6/30/2023,6.09,Grams
394.34,7/24/2021,13.91,Grams
175.2,7/30/2023,6.18,Grams
382.72,10/12/2021,13.5,Grams
391.51,7/8/2021,13.81,Grams
406.25,9/25/2020,14.33,Grams
405.11,11/3/2020,14.29,Grams
415.6,11/26/2019,14.66,Grams
292.57,7/6/2022,10.32,Grams
163.86,11/24/2022,5.78,Grams
410.5,8/25/2020,14.48,Grams
314.11,5/11/2022,11.08,Grams
405.4,5/22/2019,14.3,Grams
280.09,8/16/2022,9.88,Grams
203.55,3/13/2023,7.18,Grams
213.47,1/4/2023,7.53,Grams
402.28,2/1/2021,14.19,Grams
355.5,2/8/2022,12.54,Grams
288.31,7/7/2022,10.17,Grams
406.82,7/10/2019,14.35,Grams
368.54,1/3/2022,13,Grams
335.66,3/16/2022,11.84,Grams
403.7,1/25/2021,14.24,Grams
409.37,1/5/2019,14.44,Grams
195.61,3/25/2023,6.9,Grams
417.87,1/28/2020,14.74,Grams
397.18,6/10/2021,14.01,Grams
176.33,5/26/2023,6.22,Grams
157.62,1/30/2023,5.56,Grams
194.19,3/29/2023,6.85,Grams
326.02,4/7/2022,11.5,Grams
198.73,2/7/2023,7.01,Grams
402.56,2/20/2021,14.2,Grams
398.31,5/13/2021,14.05,Grams
247.77,10/4/2022,8.74,Grams
376.76,11/18/2021,13.29,Grams
411.63,4/5/2019,14.52,Grams
407.67,7/20/2020,14.38,Grams
159.89,4/21/2023,5.64,Grams
254.58,10/8/2022,8.98,Grams
362.02,12/10/2021,12.77,Grams
416.45,1/13/2020,14.69,Grams
347.56,3/1/2022,12.26,Grams
415.32,10/15/2019,14.65,Grams
409.37,9/13/2020,14.44,Grams
394.62,8/9/2021,13.92,Grams
177.75,6/2/2023,6.27,Grams
410.78,6/12/2019,14.49,Grams
409.08,8/4/2020,14.43,Grams
405.11,1/1/2019,14.29,Grams
180.3,6/26/2023,6.36,Grams
393.49,8/22/2021,13.88,Grams
402.56,4/8/2021,14.2,Grams
393.49,3/17/2021,13.88,Grams
420.42,1/26/2019,14.83,Grams
400.58,1/18/2021,14.13,Grams
405.96,6/5/2019,14.32,Grams
359.76,12/22/2021,12.69,Grams
147.98,4/18/2023,5.22,Grams
231.9,11/4/2022,8.18,Grams
383.57,9/22/2021,13.53,Grams
409.93,6/4/2019,14.46,Grams
204.12,1/27/2023,7.2,Grams
278.96,7/22/2022,9.84,Grams
407.95,8/6/2020,14.39,Grams
245.51,10/18/2022,8.66,Grams
328.57,4/12/2022,11.59,Grams
335.66,3/25/2022,11.84,Grams
415.6,2/10/2019,14.66,Grams
402,4/2/2021,14.18,Grams
410.5,10/10/2020,14.48,Grams
408.23,2/4/2019,14.4,Grams
401.43,6/26/2019,14.16,Grams
394.34,7/23/2021,13.91,Grams
407.1,7/23/2019,14.36,Grams
323.18,4/30/2022,11.4,Grams
409.37,3/1/2020,14.44,Grams
157.62,3/7/2023,5.56,Grams
170.66,6/23/2023,6.02,Grams
415.32,11/23/2019,14.65,Grams
180.02,6/29/2023,6.35,Grams
413.62,11/12/2019,14.59,Grams
187.67,4/8/2023,6.62,Grams
266.49,9/4/2022,9.4,Grams
204.97,10/16/2022,7.23,Grams
277.54,8/13/2022,9.79,Grams
195.89,1/25/2023,6.91,Grams
407.95,2/12/2021,14.39,Grams
413.9,10/6/2019,14.6,Grams
160.17,1/31/2023,5.65,Grams
403.7,6/6/2020,14.24,Grams
182.29,5/19/2023,6.43,Grams
415.32,3/22/2019,14.65,Grams
405.96,5/20/2019,14.32,Grams
413.62,1/17/2020,14.59,Grams
361.17,11/26/2021,12.74,Grams
404.26,3/23/2021,14.26,Grams
388.96,9/26/2021,13.72,Grams
413.05,2/5/2020,14.57,Grams
404.55,11/23/2020,14.27,Grams
401.71,12/15/2018,14.17,Grams
385.27,10/17/2021,13.59,Grams
268.75,9/6/2022,9.48,Grams
409.93,6/24/2019,14.46,Grams
368.54,12/27/2021,13,Grams
403.98,12/20/2020,14.25,Grams
413.05,3/30/2019,14.57,Grams
266.2,9/25/2022,9.39,Grams
386.12,10/24/2021,13.62,Grams
402,4/3/2021,14.18,Grams
401.71,4/13/2021,14.17,Grams
335.66,3/28/2022,11.84,Grams
392.92,6/4/2021,13.86,Grams
403.98,9/1/2019,14.25,Grams
390.09,8/5/2021,13.76,Grams
200.43,1/23/2023,7.07,Grams
387.54,8/31/2021,13.67,Grams
408.52,5/16/2019,14.41,Grams
412.2,10/4/2019,14.54,Grams
383,11/5/2021,13.51,Grams
415.04,5/18/2020,14.64,Grams
380.73,9/30/2021,13.43,Grams
409.37,8/8/2020,14.44,Grams
273.86,8/18/2022,9.66,Grams
414.47,12/17/2019,14.62,Grams
254.86,9/16/2022,8.99,Grams
370.24,11/28/2021,13.06,Grams
412.77,11/4/2019,14.56,Grams
355.5,1/25/2022,12.54,Grams
413.34,12/15/2019,14.58,Grams
398.88,7/12/2021,14.07,Grams
348.13,2/23/2022,12.28,Grams
295.4,6/17/2022,10.42,Grams
393.49,6/15/2021,13.88,Grams
283.21,7/4/2022,9.99,Grams
398.03,12/28/2020,14.04,Grams
228.21,12/11/2022,8.05,Grams
411.92,3/15/2019,14.53,Grams
278.39,8/21/2022,9.82,Grams
255.43,9/5/2022,9.01,Grams
285.2,6/14/2022,10.06,Grams
414.47,4/13/2019,14.62,Grams
177.75,2/27/2023,6.27,Grams
181.44,6/1/2023,6.4,Grams
176.62,7/6/2023,6.23,Grams
304.76,6/12/2022,10.75,Grams
362.02,1/23/2022,12.77,Grams
351.53,1/28/2022,12.4,Grams
314.96,5/14/2022,11.11,Grams
412.49,2/3/2020,14.55,Grams
270.74,8/12/2022,9.55,Grams
403.7,8/17/2019,14.24,Grams
414.75,4/21/2019,14.63,Grams
397.46,7/14/2021,14.02,Grams
397.18,9/19/2019,14.01,Grams
393.49,12/9/2018,13.88,Grams
410.78,5/4/2019,14.49,Grams
390.66,8/12/2021,13.78,Grams
225.09,12/15/2022,7.94,Grams
397.74,12/29/2020,14.03,Grams
387.82,8/23/2021,13.68,Grams
406.53,1/7/2019,14.34,Grams
407.1,7/28/2020,14.36,Grams
405.68,7/23/2020,14.31,Grams
377.9,11/19/2021,13.33,Grams
407.38,6/23/2019,14.37,Grams
219.71,1/8/2023,7.75,Grams
185.41,4/9/2023,6.54,Grams
383.57,11/7/2021,13.53,Grams
405.4,4/1/2021,14.3,Grams
408.52,5/25/2019,14.41,Grams
407.1,11/7/2020,14.36,Grams
399.73,12/8/2020,14.1,Grams
411.92,3/23/2019,14.53,Grams
299.09,6/26/2022,10.55,Grams
409.93,5/31/2020,14.46,Grams
355.5,2/2/2022,12.54,Grams
413.62,7/30/2019,14.59,Grams
202.98,3/18/2023,7.16,Grams
396.33,7/20/2021,13.98,Grams
188.24,2/10/2023,6.64,Grams
411.35,4/15/2019,14.51,Grams
402.56,12/13/2018,14.2,Grams
306.46,6/4/2022,10.81,Grams
348.7,2/13/2022,12.3,Grams
228.21,12/17/2022,8.05,Grams
400.29,8/5/2019,14.12,Grams
401.15,1/19/2021,14.15,Grams
362.02,12/29/2021,12.77,Grams
419.29,12/31/2019,14.79,Grams
331.97,4/3/2022,11.71,Grams
174.35,7/20/2023,6.15,Grams
404.55,12/13/2020,14.27,Grams
311.56,5/25/2022,10.99,Grams
410.78,5/5/2019,14.49,Grams
407.1,11/6/2020,14.36,Grams
197.03,1/17/2023,6.95,Grams
402.85,6/13/2020,14.21,Grams
163.58,6/11/2023,5.77,Grams
407.1,2/14/2021,14.36,Grams
401.71,8/22/2019,14.17,Grams
412.2,4/11/2019,14.54,Grams
255.15,10/9/2022,9,Grams
372.8,11/2/2021,13.15,Grams
261.1,9/20/2022,9.21,Grams
404.83,9/10/2020,14.28,Grams
202.13,1/24/2023,7.13,Grams
402.56,11/17/2020,14.2,Grams
403.98,7/1/2019,14.25,Grams
239.27,11/14/2022,8.44,Grams
414.75,2/22/2019,14.63,Grams
387.25,9/11/2021,13.66,Grams
349.83,2/21/2022,12.34,Grams
411.92,12/7/2019,14.53,Grams
406.53,3/20/2021,14.34,Grams
210.07,1/6/2023,7.41,Grams
411.63,4/18/2019,14.52,Grams
405.11,8/7/2019,14.29,Grams
415.6,12/27/2018,14.66,Grams
407.38,8/27/2020,14.37,Grams
331.97,3/30/2022,11.71,Grams
320.92,4/26/2022,11.32,Grams
299.65,6/20/2022,10.57,Grams
403.13,7/26/2019,14.22,Grams
413.05,4/16/2019,14.57,Grams
242.96,4/17/2020,8.57,Grams
377.9,11/22/2021,13.33,Grams
392.92,9/4/2021,13.86,Grams
400.29,1/9/2021,14.12,Grams
404.26,2/27/2021,14.26,Grams
409.08,10/12/2020,14.43,Grams
188.24,2/6/2023,6.64,Grams
251.46,10/1/2022,8.87,Grams
417.3,10/9/2019,14.72,Grams
415.89,1/5/2020,14.67,Grams
157.62,5/12/2023,5.56,Grams
384.7,10/30/2021,13.57,Grams
398.31,7/17/2021,14.05,Grams
407.95,7/28/2019,14.39,Grams
414.19,10/26/2019,14.61,Grams
413.34,3/31/2019,14.58,Grams
383,11/20/2018,13.51,Grams
403.98,2/11/2021,14.25,Grams
409.37,1/6/2019,14.44,Grams
404.83,1/27/2021,14.28,Grams
175.48,2/25/2023,6.19,Grams
193.06,11/25/2022,6.81,Grams
405.11,12/12/2018,14.29,Grams
415.32,1/29/2020,14.65,Grams
407.1,1/24/2021,14.36,Grams
175.48,6/3/2023,6.19,Grams
408.23,5/11/2019,14.4,Grams
362.31,11/19/2018,12.78,Grams
406.25,9/28/2020,14.33,Grams
178.6,6/22/2023,6.3,Grams
406.25,7/27/2019,14.33,Grams
401.71,7/18/2019,14.17,Grams
235.02,11/8/2022,8.29,Grams
405.11,11/13/2020,14.29,Grams
419.29,1/24/2020,14.79,Grams
411.63,4/29/2019,14.52,Grams
218.01,12/21/2022,7.69,Grams
361.46,1/6/2022,12.75,Grams
410.5,3/8/2019,14.48,Grams
175.77,10/30/2022,6.2,Grams
326.02,4/23/2022,11.5,Grams
413.9,4/24/2019,14.6,Grams
410.22,11/9/2019,14.47,Grams
419.29,1/22/2019,14.79,Grams
376.48,10/27/2021,13.28,Grams
399.44,12/2/2018,14.09,Grams
383.85,11/13/2021,13.54,Grams
343.6,3/22/2022,12.12,Grams
402.28,9/2/2020,14.19,Grams
353.8,1/29/2022,12.48,Grams
262.52,9/19/2022,9.26,Grams
409.65,8/3/2020,14.45,Grams
356.64,12/30/2021,12.58,Grams
390.94,7/29/2021,13.79,Grams
401.15,3/23/2020,14.15,Grams
226.23,10/31/2022,7.98,Grams
282.08,7/25/2022,9.95,Grams
397.74,12/22/2020,14.03,Grams
409.08,9/27/2020,14.43,Grams
410.5,1/28/2019,14.48,Grams
216.87,12/19/2022,7.65,Grams
399.44,5/19/2021,14.09,Grams
402,12/30/2018,14.18,Grams
382.15,10/31/2021,13.48,Grams
412.2,2/24/2020,14.54,Grams
178.89,7/2/2023,6.31,Grams
268.19,8/26/2022,9.46,Grams
377.33,11/23/2021,13.31,Grams
406.53,7/8/2020,14.34,Grams
415.32,1/14/2019,14.65,Grams
401.43,4/12/2021,14.16,Grams
412.49,3/17/2019,14.55,Grams
201.56,3/11/2023,7.11,Grams
196.75,10/15/2022,6.94,Grams
295.4,6/15/2022,10.42,Grams
407.1,6/28/2020,14.36,Grams
407.95,11/27/2018,14.39,Grams
237.85,10/11/2022,8.39,Grams
412.77,1/21/2020,14.56,Grams
395.48,7/25/2021,13.95,Grams
383.57,9/2/2021,13.53,Grams
416.45,12/27/2019,14.69,Grams
402.56,2/19/2021,14.2,Grams
413.34,2/15/2020,14.58,Grams
407.95,8/18/2020,14.39,Grams
191.93,3/27/2023,6.77,Grams
400.01,12/9/2020,14.11,Grams
261.1,9/10/2022,9.21,Grams
419.86,12/29/2019,14.81,Grams
410.22,10/7/2019,14.47,Grams
191.64,4/1/2023,6.76,Grams
410.5,5/26/2019,14.48,Grams
406.82,7/2/2020,14.35,Grams
332.54,3/4/2022,11.73,Grams
402.85,6/25/2019,14.21,Grams
415.89,10/27/2019,14.67,Grams
390.09,6/29/2021,13.76,Grams
269.6,8/24/2022,9.51,Grams
407.67,4/7/2019,14.38,Grams
405.4,1/15/2021,14.3,Grams
398.88,7/18/2021,14.07,Grams
273.57,8/29/2022,9.65,Grams
301.64,6/19/2022,10.64,Grams
383,9/1/2021,13.51,Grams
399.44,12/11/2020,14.09,Grams
213.19,12/28/2022,7.52,Grams
397.46,7/22/2021,14.02,Grams
302.21,5/6/2022,10.66,Grams
407.95,11/5/2020,14.39,Grams
389.24,11/21/2018,13.73,Grams
403.98,9/3/2020,14.25,Grams
304.47,6/8/2022,10.74,Grams
413.62,12/14/2019,14.59,Grams
284.06,7/20/2022,10.02,Grams
394.91,5/20/2021,13.93,Grams
246.64,10/17/2022,8.7,Grams
235.02,11/15/2022,8.29,Grams
403.13,3/15/2021,14.22,Grams
407.38,11/28/2020,14.37,Grams
417.02,12/26/2019,14.71,Grams
408.23,3/5/2020,14.4,Grams
351.53,1/19/2022,12.4,Grams
404.83,8/26/2019,14.28,Grams
361.46,1/7/2022,12.75,Grams
152.24,6/8/2023,5.37,Grams
403.7,9/17/2020,14.24,Grams
281.51,7/28/2022,9.93,Grams
403.7,8/6/2019,14.24,Grams
405.68,7/25/2019,14.31,Grams
403.41,1/17/2021,14.23,Grams
379.32,11/9/2021,13.38,Grams
296.82,7/16/2022,10.47,Grams
406.53,3/7/2020,14.34,Grams
414.47,3/29/2019,14.62,Grams
147.98,2/15/2023,5.22,Grams
144.02,6/19/2023,5.08,Grams
407.67,9/15/2019,14.38,Grams
394.06,6/16/2021,13.9,Grams
267.9,9/7/2022,9.45,Grams
220.56,4/10/2020,7.78,Grams
414.75,1/12/2019,14.63,Grams
403.41,10/21/2020,14.23,Grams
331.41,4/2/2022,11.69,Grams
412.77,9/25/2019,14.56,Grams
412.49,6/18/2019,14.55,Grams
158.76,4/24/2023,5.6,Grams
354.94,1/27/2022,12.52,Grams
303.91,6/2/2022,10.72,Grams
377.05,11/4/2021,13.3,Grams
409.08,7/18/2020,14.43,Grams
396.33,4/29/2021,13.98,Grams
403.13,2/3/2021,14.22,Grams
342.46,3/3/2022,12.08,Grams
174.92,7/29/2023,6.17,Grams
407.1,1/2/2019,14.36,Grams
410.78,2/26/2019,14.49,Grams
381.58,9/9/2021,13.46,Grams
324.03,4/13/2022,11.43,Grams
406.25,7/6/2020,14.33,Grams
325.45,4/25/2022,11.48,Grams
412.49,3/19/2019,14.55,Grams
402.28,5/15/2021,14.19,Grams
138.63,2/16/2023,4.89,Grams
406.82,6/26/2020,14.35,Grams
367.69,1/2/2022,12.97,Grams
413.62,2/18/2020,14.59,Grams
322.33,5/2/2022,11.37,Grams
162.44,2/3/2023,5.73,Grams
335.66,3/24/2022,11.84,Grams
406.53,11/21/2020,14.34,Grams
189.09,5/23/2023,6.67,Grams
248.34,10/5/2022,8.76,Grams
407.1,7/13/2019,14.36,Grams
408.52,11/1/2020,14.41,Grams
165.56,5/2/2023,5.84,Grams
183.42,4/5/2023,6.47,Grams
164.71,10/24/2022,5.81,Grams
297.39,5/27/2022,10.49,Grams
181.15,2/17/2023,6.39,Grams
406.25,7/16/2019,14.33,Grams
415.89,1/6/2020,14.67,Grams
359.47,11/25/2021,12.68,Grams
415.04,9/30/2019,14.64,Grams
223.39,1/7/2023,7.88,Grams
325.45,4/1/2022,11.48,Grams
400.58,9/23/2019,14.13,Grams
412.2,1/23/2019,14.54,Grams
406.82,11/25/2018,14.35,Grams
413.34,6/8/2019,14.58,Grams
403.98,3/14/2021,14.25,Grams
396.61,1/9/2019,13.99,Grams
406.53,9/26/2020,14.34,Grams
400.86,9/2/2019,14.14,Grams
415.89,10/11/2019,14.67,Grams
414.19,10/22/2019,14.61,Grams
187.39,5/25/2023,6.61,Grams
381.3,9/10/2021,13.45,Grams
133.53,4/7/2020,4.71,Grams
409.08,10/15/2020,14.43,Grams
420.71,12/28/2019,14.84,Grams
407.67,12/23/2018,14.38,Grams
412.77,4/27/2019,14.56,Grams
343.31,3/6/2022,12.11,Grams
407.1,5/28/2020,14.36,Grams
297.95,7/9/2022,10.51,Grams
402.85,7/10/2020,14.21,Grams
310.71,6/6/2022,10.96,Grams
407.38,8/9/2019,14.37,Grams
404.55,9/17/2019,14.27,Grams
189.94,3/24/2023,6.7,Grams
399.16,12/7/2020,14.08,Grams
393.21,8/11/2021,13.87,Grams
396.33,5/29/2021,13.98,Grams
410.5,5/10/2019,14.48,Grams
409.08,6/17/2019,14.43,Grams
396.33,3/24/2020,13.98,Grams
373.36,4/20/2021,13.17,Grams
386.69,8/27/2021,13.64,Grams
260.82,9/1/2022,9.2,Grams
417.87,1/31/2020,14.74,Grams
379.6,11/12/2021,13.39,Grams
412.49,3/18/2019,14.55,Grams
414.47,11/17/2019,14.62,Grams
389.24,8/6/2021,13.73,Grams
266.49,9/24/2022,9.4,Grams
415.6,2/25/2019,14.66,Grams
403.41,11/30/2020,14.23,Grams
400.58,12/18/2018,14.13,Grams
360.61,12/21/2021,12.72,Grams
413.9,1/4/2020,14.6,Grams
411.35,3/24/2019,14.51,Grams
377.33,10/22/2021,13.31,Grams
281.79,8/1/2022,9.94,Grams
285.76,7/21/2022,10.08,Grams
204.97,3/20/2023,7.23,Grams
385.84,10/16/2021,13.61,Grams
410.22,4/17/2019,14.47,Grams
342.46,3/13/2022,12.08,Grams
392.64,8/7/2021,13.85,Grams
416.17,1/17/2019,14.68,Grams
240.4,10/19/2022,8.48,Grams
408.23,11/11/2020,14.4,Grams
408.23,6/3/2019,14.4,Grams
403.41,12/17/2020,14.23,Grams
399.73,3/10/2021,14.1,Grams
176.05,1/20/2023,6.21,Grams
178.03,7/8/2023,6.28,Grams
403.7,7/13/2020,14.24,Grams
407.95,3/25/2019,14.39,Grams
411.35,2/7/2019,14.51,Grams
412.2,3/27/2019,14.54,Grams
155.07,2/22/2023,5.47,Grams
410.78,2/19/2019,14.49,Grams
147.13,5/14/2023,5.19,Grams
181.72,7/9/2023,6.41,Grams
413.9,12/6/2019,14.6,Grams
400.29,4/6/2021,14.12,Grams
369.39,12/5/2021,13.03,Grams
414.75,1/13/2019,14.63,Grams
297.1,6/23/2022,10.48,Grams
144.87,6/9/2023,5.11,Grams
179.17,5/28/2023,6.32,Grams
401.43,1/10/2021,14.16,Grams
406.25,9/8/2019,14.33,Grams
402.85,2/18/2021,14.21,Grams
193.91,3/10/2023,6.84,Grams
271.02,8/19/2022,9.56,Grams
411.63,4/26/2019,14.52,Grams
413.34,2/12/2020,14.58,Grams
310.71,5/17/2022,10.96,Grams
377.62,12/25/2020,13.32,Grams
238.14,11/13/2022,8.4,Grams
391.51,7/5/2021,13.81,Grams
416.74,2/12/2019,14.7,Grams
350.12,2/15/2022,12.35,Grams
407.1,11/15/2020,14.36,Grams
404.83,6/14/2020,14.28,Grams
411.63,11/2/2019,14.52,Grams
410.78,3/2/2020,14.49,Grams
304.19,5/29/2022,10.73,Grams
307.03,4/18/2022,10.83,Grams
226.8,12/12/2022,8,Grams
411.92,8/23/2020,14.53,Grams
387.25,8/21/2021,13.66,Grams
144.02,4/13/2023,5.08,Grams
196.18,3/26/2023,6.92,Grams
294.55,6/21/2022,10.39,Grams
342.18,3/5/2022,12.07,Grams
365.14,12/18/2021,12.88,Grams
413.9,11/13/2019,14.6,Grams
219.43,12/18/2022,7.74,Grams
396.89,5/25/2021,14,Grams
386.12,11/6/2021,13.62,Grams
413.05,4/4/2019,14.57,Grams
399.16,5/10/2021,14.08,Grams
416.74,12/24/2019,14.7,Grams
402.28,4/16/2021,14.19,Grams
238.42,10/20/2022,8.41,Grams
405.96,11/28/2018,14.32,Grams
322.05,5/3/2022,11.36,Grams
353.23,1/21/2022,12.46,Grams
225.95,11/27/2022,7.97,Grams
179.17,5/17/2023,6.32,Grams
155.64,2/28/2023,5.49,Grams
398.59,6/5/2021,14.06,Grams
403.41,7/5/2019,14.23,Grams
402.56,3/12/2021,14.2,Grams
356.07,1/14/2022,12.56,Grams
420.42,12/30/2019,14.83,Grams
393.49,6/17/2021,13.88,Grams
403.41,11/25/2020,14.23,Grams
409.93,11/14/2019,14.46,Grams
409.93,2/18/2019,14.46,Grams
360.04,12/14/2021,12.7,Grams
390.94,5/24/2021,13.79,Grams
316.66,4/15/2022,11.17,Grams
405.4,1/11/2019,14.3,Grams
409.65,6/21/2020,14.45,Grams
399.16,5/4/2021,14.08,Grams
415.89,2/1/2020,14.67,Grams
383.57,9/3/2021,13.53,Grams
187.96,5/20/2023,6.63,Grams
384.7,10/18/2021,13.57,Grams
314.68,5/18/2022,11.1,Grams
383,11/8/2021,13.51,Grams
404.55,8/31/2020,14.27,Grams
184.56,5/31/2023,6.51,Grams
255.43,9/9/2022,9.01,Grams
171.51,7/21/2023,6.05,Grams
181.44,7/17/2023,6.4,Grams
409.08,10/24/2020,14.43,Grams
403.41,12/6/2020,14.23,Grams
416.45,2/28/2019,14.69,Grams
179.45,7/10/2023,6.33,Grams
364.01,12/19/2021,12.84,Grams
405.68,9/27/2019,14.31,Grams
404.26,4/11/2021,14.26,Grams
406.25,10/5/2020,14.33,Grams
246.92,11/5/2022,8.71,Grams
403.98,3/5/2021,14.25,Grams
326.3,4/8/2022,11.51,Grams
313.55,5/10/2022,11.06,Grams
391.79,6/27/2021,13.82,Grams
174.07,5/13/2023,6.14,Grams
407.67,9/3/2019,14.38,Grams
233.6,11/21/2022,8.24,Grams
386.97,9/27/2021,13.65,Grams
176.9,7/26/2023,6.24,Grams
365.71,12/20/2021,12.9,Grams
197.03,1/18/2023,6.95,Grams
416.45,1/25/2019,14.69,Grams
405.11,12/1/2018,14.29,Grams
412.77,12/5/2019,14.56,Grams
405.4,7/17/2019,14.3,Grams
235.02,11/11/2022,8.29,Grams
386.4,10/3/2021,13.63,Grams
404.55,8/29/2020,14.27,Grams
317.23,5/5/2022,11.19,Grams
377.33,8/26/2021,13.31,Grams
358.9,1/24/2022,12.66,Grams
464.36,11/28/2019,16.38,Grams
392.64,5/23/2021,13.85,Grams
406.82,8/14/2020,14.35,Grams
324.03,4/20/2020,11.43,Grams
411.35,3/21/2020,14.51,Grams
288.31,7/18/2022,10.17,Grams
158.19,5/3/2023,5.58,Grams
409.93,6/19/2019,14.46,Grams
398.03,7/11/2021,14.04,Grams
182,12/25/2022,6.42,Grams
408.52,5/15/2019,14.41,Grams
412.2,5/2/2019,14.54,Grams
410.78,11/6/2019,14.49,Grams
163.01,5/6/2023,5.75,Grams
404.83,7/7/2019,14.28,Grams
195.61,3/21/2023,6.9,Grams
355.22,1/30/2022,12.53,Grams
417.87,2/23/2019,14.74,Grams
402,3/1/2021,14.18,Grams
408.52,3/14/2020,14.41,Grams
192.21,1/16/2023,6.78,Grams
407.1,10/14/2020,14.36,Grams
410.78,3/3/2020,14.49,Grams
290.3,6/30/2022,10.24,Grams
408.23,3/13/2020,14.4,Grams
388.39,4/17/2021,13.7,Grams
389.52,8/8/2021,13.74,Grams
172.65,7/7/2023,6.09,Grams
393.77,6/1/2021,13.89,Grams
408.23,7/29/2020,14.4,Grams
400.86,1/11/2021,14.14,Grams
299.65,5/30/2022,10.57,Grams
197.03,4/3/2023,6.95,Grams
345.86,2/10/2022,12.2,Grams
414.19,2/27/2020,14.61,Grams
404.26,2/6/2021,14.26,Grams
276.97,8/4/2022,9.77,Grams
401.71,4/15/2021,14.17,Grams
266.2,8/25/2022,9.39,Grams
413.62,4/28/2019,14.59,Grams
410.78,2/9/2020,14.49,Grams
411.63,3/1/2019,14.52,Grams
296.82,6/22/2022,10.47,Grams
407.38,1/31/2021,14.37,Grams
404.26,9/9/2019,14.26,Grams
272.16,8/5/2022,9.6,Grams
195.04,4/11/2023,6.88,Grams
405.11,11/14/2020,14.29,Grams
297.95,6/25/2022,10.51,Grams
162.44,4/15/2023,5.73,Grams
414.75,2/19/2020,14.63,Grams
409.93,2/6/2020,14.46,Grams
398.03,12/19/2018,14.04,Grams
410.22,2/27/2019,14.47,Grams
391.22,8/1/2021,13.8,Grams
270.17,8/28/2022,9.53,Grams
393.21,8/2/2021,13.87,Grams
415.32,10/2/2019,14.65,Grams
405.11,6/9/2020,14.29,Grams
408.52,2/13/2021,14.41,Grams
307.31,5/13/2022,10.84,Grams
421.56,3/10/2019,14.87,Grams
405.4,11/20/2020,14.3,Grams
410.22,5/6/2019,14.47,Grams
301.36,6/10/2022,10.63,Grams
410.78,10/3/2020,14.49,Grams
406.53,6/27/2020,14.34,Grams
293.7,6/29/2022,10.36,Grams
418.44,1/20/2019,14.76,Grams
414.19,1/30/2020,14.61,Grams
309.58,5/16/2022,10.92,Grams
407.1,7/31/2020,14.36,Grams
415.89,10/8/2019,14.67,Grams
226.51,12/14/2022,7.99,Grams
385.55,9/16/2021,13.6,Grams
409.08,10/2/2020,14.43,Grams
402.56,12/4/2020,14.2,Grams
411.07,8/1/2020,14.5,Grams
390.37,8/19/2021,13.77,Grams
183.7,5/30/2023,6.48,Grams
406.82,6/16/2020,14.35,Grams
308.16,6/5/2022,10.87,Grams
405.96,5/21/2019,14.32,Grams
356.92,2/9/2022,12.59,Grams
348.98,2/22/2022,12.31,Grams
392.36,8/15/2021,13.84,Grams
405.96,11/9/2020,14.32,Grams
380.45,10/5/2021,13.42,Grams
367.69,12/7/2021,12.97,Grams
407.1,5/18/2019,14.36,Grams
326.59,3/28/2020,11.52,Grams
412.77,11/8/2019,14.56,Grams
391.79,7/7/2021,13.82,Grams
280.94,7/26/2022,9.91,Grams
402.56,12/31/2020,14.2,Grams
392.64,6/23/2021,13.85,Grams
319.5,5/4/2022,11.27,Grams
414.19,10/30/2019,14.61,Grams
334.24,4/4/2022,11.79,Grams
232.47,11/16/2022,8.2,Grams
146,6/16/2023,5.15,Grams
411.92,2/4/2020,14.53,Grams
408.23,7/5/2020,14.4,Grams
412.49,11/3/2019,14.55,Grams
381.02,11/1/2021,13.44,Grams
381.02,10/6/2021,13.44,Grams
401.71,1/20/2021,14.17,Grams
385.27,10/11/2021,13.59,Grams
277.83,8/3/2022,9.8,Grams
408.23,10/17/2020,14.4,Grams
413.34,4/12/2019,14.58,Grams
404.83,3/17/2020,14.28,Grams
181.15,5/18/2023,6.39,Grams
244.37,9/30/2022,8.62,Grams
415.6,3/9/2019,14.66,Grams
266.2,9/11/2022,9.39,Grams
403.7,2/8/2021,14.24,Grams
403.13,2/17/2021,14.22,Grams
408.8,8/26/2020,14.42,Grams
401.43,4/7/2021,14.16,Grams
410.22,3/22/2020,14.47,Grams
176.33,7/11/2023,6.22,Grams
302.21,4/19/2022,10.66,Grams
405.11,5/21/2020,14.29,Grams
402.85,2/16/2019,14.21,Grams
216.59,4/18/2020,7.64,Grams
404.83,10/30/2020,14.28,Grams
334.24,3/29/2022,11.79,Grams
377.05,11/11/2021,13.3,Grams
314.4,4/22/2022,11.09,Grams
352.1,2/20/2022,12.42,Grams
412.2,3/21/2019,14.54,Grams
202.42,4/2/2020,7.14,Grams
410.5,6/11/2019,14.48,Grams
396.61,5/2/2021,13.99,Grams
158.47,4/14/2023,5.59,Grams
403.7,1/3/2021,14.24,Grams
400.01,12/21/2020,14.11,Grams
409.93,10/18/2020,14.46,Grams
416.74,11/5/2019,14.7,Grams
395.76,12/5/2018,13.96,Grams
400.86,8/31/2019,14.14,Grams
320.63,4/16/2022,11.31,Grams
397.18,4/22/2021,14.01,Grams
415.6,10/21/2019,14.66,Grams
312.13,5/31/2022,11.01,Grams
229.91,11/30/2022,8.11,Grams
416.17,3/16/2019,14.68,Grams
360.89,1/11/2022,12.73,Grams
410.78,7/4/2020,14.49,Grams
396.04,12/6/2018,13.97,Grams
414.47,12/20/2019,14.62,Grams
403.13,3/26/2021,14.22,Grams
399.44,4/25/2021,14.09,Grams
387.82,9/20/2021,13.68,Grams
405.4,5/13/2019,14.3,Grams
413.34,10/24/2019,14.58,Grams
223.11,12/8/2022,7.87,Grams
362.02,12/8/2021,12.77,Grams
396.04,8/28/2021,13.97,Grams
394.34,12/16/2018,13.91,Grams
403.41,7/15/2019,14.23,Grams
399.16,9/5/2019,14.08,Grams
396.89,8/18/2019,14,Grams
396.33,12/24/2020,13.98,Grams
202.42,12/4/2022,7.14,Grams
411.92,12/16/2019,14.53,Grams
363.44,12/28/2021,12.82,Grams
403.98,3/9/2021,14.25,Grams
405.4,7/6/2019,14.3,Grams
320.63,5/9/2022,11.31,Grams
409.37,5/14/2019,14.44,Grams
405.96,6/5/2020,14.32,Grams
403.98,3/25/2021,14.25,Grams
358.9,1/12/2022,12.66,Grams
338.21,3/9/2022,11.93,Grams
408.8,5/24/2019,14.42,Grams
342.75,3/21/2022,12.09,Grams
181.15,7/3/2023,6.39,Grams
237.85,11/17/2022,8.39,Grams
300.5,6/9/2022,10.6,Grams
199.86,10/28/2022,7.05,Grams
411.07,11/20/2019,14.5,Grams
404.83,11/30/2018,14.28,Grams
398.88,3/16/2021,14.07,Grams
407.38,11/21/2019,14.37,Grams
417.02,2/20/2019,14.71,Grams
203.27,1/21/2023,7.17,Grams
180.87,6/21/2023,6.38,Grams
402.28,1/26/2021,14.19,Grams
408.52,10/7/2020,14.41,Grams
158.76,3/8/2023,5.6,Grams
409.37,3/19/2020,14.44,Grams
418.72,1/10/2020,14.77,Grams
155.92,5/8/2023,5.5,Grams
316.95,5/23/2022,11.18,Grams
338.21,3/8/2022,11.93,Grams
221.41,12/9/2022,7.81,Grams
414.19,2/25/2020,14.61,Grams
409.08,11/18/2019,14.43,Grams
246.64,10/7/2022,8.7,Grams
407.95,3/26/2019,14.39,Grams
177.18,7/12/2023,6.25,Grams
396.33,8/10/2021,13.98,Grams
189.94,2/9/2023,6.7,Grams
419.01,1/25/2020,14.78,Grams
411.07,1/31/2019,14.5,Grams
417.3,1/19/2020,14.72,Grams
361.46,12/23/2021,12.75,Grams
405.4,7/25/2020,14.3,Grams
276.97,8/10/2022,9.77,Grams
404.55,1/2/2021,14.27,Grams
362.87,12/16/2021,12.8,Grams
280.09,8/6/2022,9.88,Grams
404.55,9/4/2019,14.27,Grams
313.55,4/21/2022,11.06,Grams
379.32,11/20/2021,13.38,Grams
210.07,1/11/2023,7.41,Grams
396.89,4/26/2021,14,Grams
406.82,1/30/2021,14.35,Grams
372.8,10/26/2021,13.15,Grams
236.43,11/3/2022,8.34,Grams
412.77,9/26/2019,14.56,Grams
412.2,2/11/2019,14.54,Grams
402,5/18/2021,14.18,Grams
404.55,3/19/2021,14.27,Grams
403.13,12/15/2020,14.22,Grams
183.99,6/27/2023,6.49,Grams
403.98,2/4/2021,14.25,Grams
281.23,7/31/2022,9.92,Grams
406.25,8/30/2020,14.33,Grams
181.44,1/28/2023,6.4,Grams
412.49,5/8/2019,14.55,Grams
413.34,5/17/2019,14.58,Grams
405.68,6/11/2020,14.31,Grams
165.28,4/28/2023,5.83,Grams
406.82,6/22/2020,14.35,Grams
155.07,2/21/2023,5.47,Grams
402.28,5/17/2021,14.19,Grams
175.48,10/12/2022,6.19,Grams
414.75,9/29/2019,14.63,Grams
159.04,2/18/2023,5.61,Grams
409.08,8/21/2019,14.43,Grams
415.6,10/25/2019,14.66,Grams
391.51,5/21/2021,13.81,Grams
341.33,3/26/2022,12.04,Grams
199.3,10/14/2022,7.03,Grams
381.02,10/25/2021,13.44,Grams
210.92,12/1/2022,7.44,Grams
174.63,2/24/2023,6.16,Grams
388.67,4/21/2021,13.71,Grams
368.26,11/29/2021,12.99,Grams
407.95,9/14/2019,14.39,Grams
404.26,1/4/2019,14.26,Grams
391.22,9/18/2021,13.8,Grams
179.45,7/18/2023,6.33,Grams
399.16,6/11/2021,14.08,Grams
409.08,11/8/2020,14.43,Grams
379.32,10/13/2021,13.38,Grams
396.33,7/19/2021,13.98,Grams
411.63,8/9/2020,14.52,Grams
241.25,11/6/2022,8.51,Grams
265.63,9/3/2022,9.37,Grams
193.06,2/8/2023,6.81,Grams
305.89,6/1/2022,10.79,Grams
353.52,2/1/2022,12.47,Grams
397.46,7/26/2021,14.02,Grams
409.37,10/4/2020,14.44,Grams
372.51,12/11/2021,13.14,Grams
405.4,6/17/2020,14.3,Grams
405.4,3/7/2021,14.3,Grams
221.41,1/14/2023,7.81,Grams
189.37,3/31/2023,6.68,Grams
348.13,2/26/2022,12.28,Grams
385.55,9/8/2021,13.6,Grams
412.2,12/12/2019,14.54,Grams
165.56,4/30/2023,5.84,Grams
393.49,8/16/2021,13.88,Grams
345.3,2/11/2022,12.18,Grams
409.93,9/12/2020,14.46,Grams
184.56,2/14/2023,6.51,Grams
327.15,4/6/2022,11.54,Grams
407.67,8/24/2020,14.38,Grams
287.46,7/8/2022,10.14,Grams
416.17,1/14/2020,14.68,Grams
409.08,3/20/2020,14.43,Grams
410.22,11/16/2019,14.47,Grams
407.38,2/6/2019,14.37,Grams
403.7,5/25/2020,14.24,Grams
413.34,10/23/2019,14.58,Grams
179.17,7/16/2023,6.32,Grams
407.1,5/27/2020,14.36,Grams
402.28,2/5/2021,14.19,Grams
413.05,4/20/2019,14.57,Grams
166.41,3/3/2023,5.87,Grams
293.98,7/5/2022,10.37,Grams
409.37,8/11/2020,14.44,Grams
310.71,5/24/2022,10.96,Grams
378.18,10/1/2021,13.34,Grams
402,3/24/2021,14.18,Grams
390.66,7/3/2021,13.78,Grams
394.62,6/8/2021,13.92,Grams
376.76,11/3/2021,13.29,Grams
232.18,11/18/2022,8.19,Grams
146,4/17/2023,5.15,Grams
384.7,9/28/2021,13.57,Grams
415.89,2/16/2020,14.67,Grams
277.83,5/2/2020,9.8,Grams
402.85,7/19/2019,14.21,Grams
418.72,2/24/2019,14.77,Grams
403.7,1/16/2021,14.24,Grams
404.55,12/28/2018,14.27,Grams
216.59,1/9/2023,7.64,Grams
404.55,12/5/2020,14.27,Grams
357.77,2/5/2022,12.62,Grams
299.37,7/10/2022,10.56,Grams
187.11,3/17/2023,6.6,Grams
370.24,4/24/2020,13.06,Grams
178.03,10/26/2022,6.28,Grams
403.98,12/19/2020,14.25,Grams
405.11,3/29/2021,14.29,Grams
407.1,7/9/2019,14.36,Grams
410.78,3/6/2019,14.49,Grams
361.46,12/24/2021,12.75,Grams
185.12,11/23/2022,6.53,Grams
402.56,2/15/2021,14.2,Grams
403.7,2/23/2021,14.24,Grams
152.8,5/15/2023,5.39,Grams
393.21,9/19/2021,13.87,Grams
345.3,3/19/2022,12.18,Grams
406.25,9/18/2020,14.33,Grams
409.65,12/9/2019,14.45,Grams
406.25,6/15/2020,14.33,Grams
396.89,7/15/2021,14,Grams
314.96,4/17/2022,11.11,Grams
353.8,2/12/2022,12.48,Grams
403.41,1/14/2021,14.23,Grams
387.25,12/7/2018,13.66,Grams
409.65,12/11/2019,14.45,Grams
392.36,7/1/2021,13.84,Grams
412.49,4/23/2019,14.55,Grams
416.74,10/31/2019,14.7,Grams
395.76,7/16/2021,13.96,Grams
404.83,9/18/2019,14.28,Grams
407.95,10/16/2020,14.39,Grams
414.47,12/19/2019,14.62,Grams
388.39,9/12/2021,13.7,Grams
406.25,6/18/2020,14.33,Grams
392.36,8/19/2019,13.84,Grams
401.43,12/24/2018,14.16,Grams
215.46,1/10/2023,7.6,Grams
375.91,11/17/2021,13.26,Grams
164.99,7/31/2023,5.82,Grams
180.87,7/24/2023,6.38,Grams
201.85,10/21/2022,7.12,Grams
411.92,12/26/2018,14.53,Grams
406.25,8/27/2019,14.33,Grams
148.83,5/5/2023,5.25,Grams
403.13,9/22/2019,14.22,Grams
349.83,2/28/2022,12.34,Grams
330.56,3/31/2022,11.66,Grams
341.04,3/27/2022,12.03,Grams
363.72,11/24/2021,12.83,Grams
360.32,1/5/2022,12.71,Grams
362.02,1/22/2022,12.77,Grams
399.44,5/30/2021,14.09,Grams
337.64,3/15/2022,11.91,Grams
376.2,10/14/2021,13.27,Grams
406.53,11/2/2020,14.34,Grams
416.74,1/27/2019,14.7,Grams
344.16,5/4/2020,12.14,Grams
413.9,12/21/2019,14.6,Grams
385.84,10/2/2021,13.61,Grams
189.37,4/4/2023,6.68,Grams
288.6,7/15/2022,10.18,Grams
404.26,7/16/2020,14.26,Grams
184.84,3/14/2023,6.52,Grams
405.4,9/9/2020,14.3,Grams
409.08,8/5/2020,14.43,Grams
352.1,1/17/2022,12.42,Grams
407.67,3/5/2019,14.38,Grams
379.88,10/7/2021,13.4,Grams
408.23,10/19/2020,14.4,Grams
333.39,3/10/2022,11.76,Grams
405.4,1/29/2021,14.3,Grams
168.4,7/1/2023,5.94,Grams
406.82,5/26/2020,14.35,Grams
379.03,11/16/2021,13.37,Grams
407.67,9/7/2020,14.38,Grams
406.82,3/28/2021,14.35,Grams
306.46,6/11/2022,10.81,Grams
321.77,4/27/2022,11.35,Grams
405.96,9/8/2020,14.32,Grams
387.82,9/25/2021,13.68,Grams
398.31,12/23/2020,14.05,Grams
199.3,12/2/2022,7.03,Grams
405.11,9/14/2020,14.29,Grams
257.13,9/14/2022,9.07,Grams
413.34,10/17/2019,14.58,Grams
343.03,2/18/2022,12.1,Grams
402,7/2/2019,14.18,Grams
405.96,9/5/2020,14.32,Grams
414.19,1/3/2020,14.61,Grams
407.67,8/21/2020,14.38,Grams
409.37,8/16/2020,14.44,Grams
402,3/3/2021,14.18,Grams
403.7,3/30/2021,14.24,Grams
237.29,11/10/2022,8.37,Grams
395.48,6/22/2021,13.95,Grams
406.82,7/3/2019,14.35,Grams
257.13,9/21/2022,9.07,Grams
407.1,7/12/2019,14.36,Grams
396.33,4/27/2021,13.98,Grams
151.1,6/14/2023,5.33,Grams
171.51,5/29/2023,6.05,Grams
409.37,5/7/2019,14.44,Grams
176.33,1/19/2023,6.22,Grams
188.81,2/4/2023,6.66,Grams
409.37,3/7/2019,14.44,Grams
194.76,2/12/2023,6.87,Grams
212.34,12/29/2022,7.49,Grams
305.04,5/26/2022,10.76,Grams
395.76,7/13/2021,13.96,Grams
415.32,12/8/2019,14.65,Grams
413.9,2/21/2020,14.6,Grams
409.65,3/4/2020,14.45,Grams
411.35,3/28/2019,14.51,Grams
179.17,7/23/2023,6.32,Grams
199.01,12/3/2022,7.02,Grams
410.5,3/2/2019,14.48,Grams
460.4,12/22/2018,16.24,Grams
401.71,1/6/2021,14.17,Grams
304.47,6/18/2022,10.74,Grams
329.42,4/10/2022,11.62,Grams
396.33,4/30/2021,13.98,Grams
271.02,8/23/2022,9.56,Grams
186.26,10/29/2022,6.57,Grams
415.89,1/15/2020,14.67,Grams
405.96,5/23/2019,14.32,Grams
377.9,11/10/2021,13.33,Grams
411.35,1/16/2019,14.51,Grams
373.65,11/27/2021,13.18,Grams
261.95,9/17/2022,9.24,Grams
378.18,10/29/2021,13.34,Grams
250.04,10/3/2022,8.82,Grams
407.67,7/3/2020,14.38,Grams
405.11,4/11/2020,14.29,Grams
406.25,11/19/2020,14.33,Grams
417.3,11/27/2019,14.72,Grams
237,11/7/2022,8.36,Grams
268.47,8/31/2022,9.47,Grams
404.26,8/23/2019,14.26,Grams
412.77,3/3/2019,14.56,Grams
393.49,6/30/2021,13.88,Grams
271.3,8/30/2022,9.57,Grams
416.45,1/9/2020,14.69,Grams
174.92,7/19/2023,6.17,Grams
153.09,4/20/2023,5.4,Grams
392.64,5/12/2021,13.85,Grams
407.67,8/12/2020,14.38,Grams
325.17,4/24/2022,11.47,Grams
163.29,5/7/2023,5.76,Grams
415.89,1/24/2019,14.67,Grams
296.54,7/13/2022,10.46,Grams
411.35,6/20/2019,14.51,Grams
407.67,7/26/2020,14.38,Grams
405.11,1/22/2021,14.29,Grams
403.98,5/16/2021,14.25,Grams
411.35,12/13/2019,14.51,Grams
163.29,4/26/2023,5.76,Grams
404.55,6/12/2020,14.27,Grams
407.67,10/13/2020,14.38,Grams
415.6,2/13/2019,14.66,Grams
221.69,12/5/2022,7.82,Grams
407.1,8/7/2020,14.36,Grams
407.38,11/22/2020,14.37,Grams
392.07,6/28/2021,13.83,Grams
416.17,1/8/2020,14.68,Grams
206.67,10/22/2022,7.29,Grams
299.65,7/11/2022,10.57,Grams
415.32,1/22/2020,14.65,Grams
164.71,2/19/2023,5.81,Grams
390.37,8/30/2021,13.77,Grams
408.8,5/30/2019,14.42,Grams
214.89,12/20/2022,7.58,Grams
405.4,8/24/2019,14.3,Grams
408.23,8/8/2019,14.4,Grams
146.28,2/23/2023,5.16,Grams
405.11,8/10/2019,14.29,Grams
161.59,4/29/2023,5.7,Grams
377.9,10/15/2021,13.33,Grams
413.34,4/1/2019,14.58,Grams
327.72,4/9/2022,11.56,Grams
394.34,6/3/2021,13.91,Grams
141.75,6/12/2023,5,Grams
182.29,10/13/2022,6.43,Grams
413.9,11/11/2019,14.6,Grams
381.58,10/8/2021,13.46,Grams
413.62,11/10/2019,14.59,Grams
287.18,7/3/2022,10.13,Grams
345.01,2/17/2022,12.17,Grams
388.1,8/18/2021,13.69,Grams
405.68,6/6/2019,14.31,Grams
409.93,6/7/2020,14.46,Grams
410.22,2/3/2019,14.47,Grams
403.41,4/8/2019,14.23,Grams
410.22,12/10/2019,14.47,Grams
399.16,5/9/2021,14.08,Grams
415.04,3/11/2019,14.64,Grams
408.8,7/1/2020,14.42,Grams
416.45,2/2/2020,14.69,Grams
403.13,11/24/2020,14.22,Grams
402.28,9/20/2019,14.19,Grams
409.08,5/19/2019,14.43,Grams
395.19,7/6/2021,13.94,Grams
259.96,9/22/2022,9.17,Grams
405.4,3/6/2020,14.3,Grams
416.74,2/14/2020,14.7,Grams
193.06,4/10/2023,6.81,Grams
415.32,10/1/2019,14.65,Grams
406.53,7/17/2020,14.34,Grams
249.19,9/29/2022,8.79,Grams
303.34,5/28/2022,10.7,Grams
409.65,5/30/2020,14.45,Grams
402.28,8/16/2019,14.19,Grams
403.98,8/19/2020,14.25,Grams
390.09,7/9/2021,13.76,Grams
413.9,1/2/2020,14.6,Grams
411.07,2/8/2020,14.5,Grams
350.12,2/19/2022,12.35,Grams
411.92,3/9/2020,14.53,Grams
381.02,10/21/2021,13.44,Grams
190.51,5/24/2023,6.72,Grams
403.41,1/3/2019,14.23,Grams
153.09,4/27/2023,5.4,Grams
409.08,6/30/2019,14.43,Grams
417.59,1/12/2020,14.73,Grams
410.22,4/3/2019,14.47,Grams
406.53,3/6/2021,14.34,Grams
345.01,3/2/2022,12.17,Grams
152.52,4/23/2023,5.38,Grams
264.5,9/12/2022,9.33,Grams
403.98,7/24/2020,14.25,Grams
284.91,8/7/2022,10.05,Grams
416.74,1/23/2020,14.7,Grams
407.1,9/21/2020,14.36,Grams
403.13,3/12/2020,14.22,Grams
404.83,11/10/2020,14.28,Grams
393.77,6/25/2021,13.89,Grams
410.22,10/8/2020,14.47,Grams
318.08,5/8/2022,11.22,Grams
391.79,7/31/2021,13.82,Grams
404.26,8/2/2019,14.26,Grams
407.38,4/6/2019,14.37,Grams
403.98,12/18/2020,14.25,Grams
402.56,3/8/2021,14.2,Grams
222.26,11/28/2022,7.84,Grams
298.52,6/16/2022,10.53,Grams
407.67,9/29/2020,14.38,Grams
387.82,4/18/2021,13.68,Grams
406.25,9/23/2020,14.33,Grams
393.77,6/9/2021,13.89,Grams
397.46,12/17/2018,14.02,Grams
275.56,8/11/2022,9.72,Grams
415.6,1/18/2020,14.66,Grams
201.85,3/12/2023,7.12,Grams
176.62,7/13/2023,6.23,Grams
263.08,9/18/2022,9.28,Grams
414.47,11/25/2019,14.62,Grams
404.83,6/28/2019,14.28,Grams
409.65,6/30/2020,14.45,Grams
413.05,10/11/2020,14.57,Grams
403.13,3/4/2021,14.22,Grams
367.41,12/26/2021,12.96,Grams
394.06,7/4/2021,13.9,Grams
155.36,2/2/2023,5.48,Grams
175.77,7/15/2023,6.2,Grams
183.7,6/5/2023,6.48,Grams
282.36,8/2/2022,9.96,Grams
400.58,1/7/2021,14.13,Grams
174.35,7/4/2023,6.15,Grams
403.41,2/22/2021,14.23,Grams
177.75,7/5/2023,6.27,Grams
397.46,7/21/2021,14.02,Grams
408.52,2/29/2020,14.41,Grams
401.15,1/12/2021,14.15,Grams
407.1,9/15/2020,14.36,Grams
297.67,6/27/2022,10.5,Grams
405.11,8/3/2019,14.29,Grams
390.09,12/8/2018,13.76,Grams
173.5,1/29/2023,6.12,Grams
390.37,8/20/2021,13.77,Grams
405.96,8/20/2020,14.32,Grams
374.5,10/28/2021,13.21,Grams
400.29,5/8/2021,14.12,Grams
166.7,4/25/2023,5.88,Grams
299.37,6/3/2022,10.56,Grams
377.9,3/25/2020,13.33,Grams
168.4,2/1/2023,5.94,Grams
399.73,2/16/2021,14.1,Grams
408.23,8/29/2019,14.4,Grams
410.5,3/15/2020,14.48,Grams
403.7,1/8/2019,14.24,Grams
412.49,4/2/2019,14.55,Grams
247.21,10/6/2022,8.72,Grams
394.91,6/7/2021,13.93,Grams
410.78,5/31/2019,14.49,Grams
390.37,9/5/2021,13.77,Grams
153.65,5/11/2023,5.42,Grams
156.21,6/13/2023,5.51,Grams
202.13,12/24/2022,7.13,Grams
178.32,7/22/2023,6.29,Grams
403.41,8/13/2019,14.23,Grams
405.4,8/20/2019,14.3,Grams
380.73,9/24/2021,13.43,Grams
404.55,11/29/2019,14.27,Grams
403.13,3/31/2021,14.22,Grams
400.58,4/24/2021,14.13,Grams
406.53,9/11/2020,14.34,Grams
405.96,11/29/2018,14.32,Grams
405.96,3/21/2021,14.32,Grams
406.53,7/29/2019,14.34,Grams
402.28,12/3/2020,14.19,Grams
395.76,7/27/2021,13.96,Grams
405.11,7/14/2019,14.29,Grams
409.93,3/12/2019,14.46,Grams
398.03,6/20/2021,14.04,Grams
208.37,1/12/2023,7.35,Grams
185.69,5/16/2023,6.55,Grams
412.2,12/31/2018,14.54,Grams
188.24,4/6/2023,6.64,Grams
401.43,11/16/2020,14.16,Grams
165.56,4/22/2023,5.84,Grams
253.73,10/10/2022,8.95,Grams
305.89,6/7/2022,10.79,Grams
392.07,6/2/2021,13.83,Grams
236.72,11/1/2022,8.35,Grams
329.99,3/17/2022,11.64,Grams
302.21,6/13/2022,10.66,Grams
291.72,6/24/2022,10.29,Grams
415.6,2/13/2020,14.66,Grams
396.61,5/26/2021,13.99,Grams
409.08,4/30/2019,14.43,Grams
242.39,11/19/2022,8.55,Grams
411.63,11/19/2019,14.52,Grams
358.05,1/15/2022,12.63,Grams
404.26,10/22/2020,14.26,Grams
361.17,1/10/2022,12.74,Grams
144.02,5/10/2023,5.08,Grams
278.68,8/9/2022,9.83,Grams
410.5,1/29/2019,14.48,Grams
293.42,7/17/2022,10.35,Grams
399.44,5/6/2021,14.09,Grams
420.71,4/22/2019,14.84,Grams
408.52,11/12/2020,14.41,Grams
365.71,12/13/2021,12.9,Grams
155.92,6/17/2023,5.5,Grams
407.95,9/6/2020,14.39,Grams
412.49,11/7/2019,14.55,Grams
195.33,2/5/2023,6.89,Grams
215.74,1/3/2023,7.61,Grams
406.25,10/27/2020,14.33,Grams
286.9,7/19/2022,10.12,Grams
288.88,7/2/2022,10.19,Grams
230.48,10/27/2022,8.13,Grams
382.15,4/19/2021,13.48,Grams
384.14,9/21/2021,13.55,Grams
212.9,12/22/2022,7.51,Grams
410.5,11/30/2019,14.48,Grams
383,10/19/2021,13.51,Grams
398.59,4/5/2021,14.06,Grams
405.96,11/26/2018,14.32,Grams
243.24,10/2/2022,8.58,Grams
404.55,6/8/2020,14.27,Grams
381.3,9/29/2021,13.45,Grams
402.85,1/21/2021,14.21,Grams
289.45,4/1/2020,10.21,Grams
411.92,6/15/2019,14.53,Grams
389.24,8/17/2021,13.73,Grams
405.68,7/22/2019,14.31,Grams
406.82,9/11/2019,14.35,Grams
407.95,12/2/2019,14.39,Grams
403.7,2/26/2021,14.24,Grams
310.14,4/29/2022,10.94,Grams
405.11,4/9/2019,14.29,Grams
407.38,9/10/2019,14.37,Grams
393.77,6/24/2021,13.89,Grams
411.92,2/23/2020,14.53,Grams
359.47,12/31/2021,12.68,Grams
401.15,8/25/2019,14.15,Grams
407.1,6/20/2020,14.36,Grams
408.52,9/24/2020,14.41,Grams
404.26,7/12/2020,14.26,Grams
165.84,3/4/2023,5.85,Grams
416.45,2/9/2019,14.69,Grams
401.43,12/10/2020,14.16,Grams
341.89,3/20/2022,12.06,Grams
402,7/9/2020,14.18,Grams
347.56,2/27/2022,12.26,Grams
223.11,12/26/2022,7.87,Grams
407.67,6/23/2020,14.38,Grams
404.83,2/9/2021,14.28,Grams
412.2,12/3/2019,14.54,Grams
403.41,7/11/2019,14.23,Grams
409.37,9/22/2020,14.44,Grams
328,4/5/2022,11.57,Grams
263.37,9/13/2022,9.29,Grams
392.64,12/14/2018,13.85,Grams
138.63,6/18/2023,4.89,Grams
200.15,1/15/2023,7.06,Grams
407.1,7/7/2020,14.36,Grams
289.45,3/30/2020,10.21,Grams
408.8,12/29/2018,14.42,Grams
253.44,9/2/2022,8.94,Grams
169.81,4/16/2023,5.99,Grams
398.59,5/11/2021,14.06,Grams
407.1,6/7/2019,14.36,Grams
406.82,10/23/2020,14.35,Grams
406.25,6/14/2021,14.33,Grams
389.24,9/7/2021,13.73,Grams
392.64,12/10/2018,13.85,Grams
396.89,6/6/2021,14,Grams
215.46,1/1/2023,7.6,Grams
409.08,6/22/2019,14.43,Grams
404.55,10/6/2020,14.27,Grams
191.36,5/22/2023,6.75,Grams
210.35,1/13/2023,7.42,Grams
403.41,2/25/2021,14.23,Grams
344.16,4/3/2020,12.14,Grams
225.09,11/26/2022,7.94,Grams
385.27,10/4/2021,13.59,Grams
403.41,3/2/2021,14.23,Grams
399.73,1/5/2021,14.1,Grams
405.96,3/16/2020,14.32,Grams
408.23,10/25/2020,14.4,Grams
415.6,1/18/2019,14.66,Grams
418.44,2/2/2019,14.76,Grams
409.93,5/12/2019,14.46,Grams
386.12,10/9/2021,13.62,Grams
409.08,9/19/2020,14.43,Grams
236.15,11/20/2022,8.33,Grams
397.46,5/3/2021,14.02,Grams
414.75,12/23/2019,14.63,Grams
404.26,7/11/2020,14.26,Grams
195.61,3/22/2023,6.9,Grams
400.29,6/19/2021,14.12,Grams
402.56,6/27/2019,14.2,Grams
405.96,6/19/2020,14.32,Grams
404.26,8/28/2020,14.26,Grams
407.67,6/25/2020,14.38,Grams
148.55,5/9/2023,5.24,Grams
204.68,12/23/2022,7.22,Grams
401.71,8/1/2019,14.17,Grams
419.29,1/11/2020,14.79,Grams
420.14,10/19/2019,14.82,Grams
349.55,2/14/2022,12.33,Grams
407.1,7/22/2020,14.36,Grams
409.08,5/1/2019,14.43,Grams
406.82,3/27/2021,14.35,Grams
390.66,7/28/2021,13.78,Grams
399.73,1/4/2021,14.1,Grams
165.84,6/20/2023,5.85,Grams
410.22,10/9/2020,14.47,Grams
412.77,3/14/2019,14.56,Grams
216.02,1/5/2023,7.62,Grams
411.35,6/16/2019,14.51,Grams
202.42,2/11/2023,7.14,Grams
413.9,10/16/2019,14.6,Grams
412.49,2/26/2020,14.55,Grams
413.34,10/14/2019,14.58,Grams
409.93,8/10/2020,14.46,Grams
408.52,10/26/2020,14.41,Grams
397.46,5/31/2021,14.02,Grams
404.83,8/28/2019,14.28,Grams
365.14,12/4/2021,12.88,Grams
399.44,12/27/2020,14.09,Grams
405.11,9/16/2019,14.29,Grams
410.78,2/7/2020,14.49,Grams
342.18,3/12/2022,12.07,Grams
403.41,2/10/2021,14.23,Grams
277.54,8/8/2022,9.79,Grams
388.1,8/24/2021,13.69,Grams
410.78,8/22/2020,14.49,Grams
146.85,6/10/2023,5.18,Grams
405.4,10/31/2020,14.3,Grams
411.07,10/29/2019,14.5,Grams
409.37,9/30/2020,14.44,Grams
402.85,9/6/2019,14.21,Grams
407.67,7/24/2019,14.38,Grams
405.4,5/28/2019,14.3,Grams
229.35,12/10/2022,8.09,Grams
409.08,11/4/2020,14.43,Grams
402.56,4/9/2021,14.2,Grams
402.85,2/28/2021,14.21,Grams
390.66,12/3/2018,13.78,Grams
183.42,6/25/2023,6.47,Grams
408.52,7/4/2019,14.41,Grams
408.8,6/21/2019,14.42,Grams
397.18,12/20/2018,14.01,Grams
412.77,2/17/2020,14.56,Grams
359.76,12/15/2021,12.69,Grams
364.01,12/3/2021,12.84,Grams
200.15,3/15/2023,7.06,Grams
396.04,6/21/2021,13.97,Grams
406.82,7/27/2020,14.35,Grams
229.06,11/29/2022,8.08,Grams
284.06,7/30/2022,10.02,Grams
395.48,4/28/2021,13.95,Grams
218.01,12/16/2022,7.69,Grams
417.59,1/1/2020,14.73,Grams
138.35,6/7/2023,4.88,Grams
385.27,9/6/2021,13.59,Grams
411.92,10/5/2019,14.53,Grams
404.26,12/14/2020,14.26,Grams
406.25,6/10/2020,14.33,Grams
394.62,6/13/2021,13.92,Grams
415.32,2/17/2019,14.65,Grams
360.32,1/9/2022,12.71,Grams
418.72,1/26/2020,14.77,Grams
381.58,11/15/2021,13.46,Grams
168.68,3/5/2023,5.95,Grams
396.89,12/4/2018,14,Grams
406.82,5/29/2019,14.35,Grams
187.96,3/28/2023,6.63,Grams
155.07,6/15/2023,5.47,Grams
282.36,4/20/2022,9.96,Grams
398.03,6/12/2021,14.04,Grams
392.07,8/4/2021,13.83,Grams
409.65,7/21/2019,14.45,Grams
400.58,12/26/2020,14.13,Grams
255.15,5/23/2020,9,Grams
226.8,12/6/2022,8,Grams
202.42,3/19/2023,7.14,Grams
168.68,3/2/2023,5.95,Grams
413.34,2/22/2020,14.58,Grams
251.18,9/28/2022,8.86,Grams
321.2,4/28/2022,11.33,Grams
407.1,10/20/2020,14.36,Grams
405.4,9/12/2019,14.3,Grams
403.13,7/31/2019,14.22,Grams
348.42,2/25/2022,12.29,Grams
212.05,12/31/2022,7.48,Grams
410.5,6/14/2019,14.48,Grams
282.93,7/1/2022,9.98,Grams
413.05,1/20/2020,14.57,Grams
283.49,3/27/2020,10,Grams
411.07,9/16/2020,14.5,Grams
405.11,2/2/2021,14.29,Grams
412.2,2/5/2019,14.54,Grams
309.58,5/20/2022,10.92,Grams
405.96,8/13/2020,14.32,Grams
403.98,12/1/2020,14.25,Grams
399.16,1/1/2021,14.08,Grams
263.93,9/8/2022,9.31,Grams
308.16,5/12/2022,10.87,Grams
402.85,4/4/2021,14.21,Grams
415.89,10/20/2019,14.67,Grams
381.3,10/23/2021,13.45,Grams
409.37,11/15/2019,14.44,Grams
240.12,11/12/2022,8.47,Grams
405.4,8/12/2019,14.3,Grams
362.87,1/1/2022,12.8,Grams
318.93,5/7/2022,11.25,Grams
416.45,10/12/2019,14.69,Grams
345.58,2/16/2022,12.19,Grams
390.09,9/13/2021,13.76,Grams
390.66,8/29/2021,13.78,Grams
398.31,5/14/2021,14.05,Grams
388.96,7/30/2021,13.72,Grams
407.67,8/17/2020,14.38,Grams
404.83,11/27/2020,14.28,Grams
415.6,3/13/2019,14.66,Grams
413.62,1/7/2020,14.59,Grams
402,5/5/2021,14.18,Grams
157.62,6/6/2023,5.56,Grams
179.45,6/24/2023,6.33,Grams
170.66,7/28/2023,6.02,Grams
407.95,6/24/2020,14.39,Grams
404.26,11/18/2020,14.26,Grams
195.04,10/23/2022,6.88,Grams
406.82,7/15/2020,14.35,Grams
380.17,11/26/2020,13.41,Grams
391.22,8/3/2021,13.8,Grams
413.05,12/21/2018,14.57,Grams
405.96,8/15/2019,14.32,Grams
373.65,4/6/2020,13.18,Grams
318.93,5/21/2022,11.25,Grams
383.57,11/14/2021,13.53,Grams
389.24,8/14/2021,13.73,Grams
314.4,5/19/2022,11.09,Grams
362.59,12/17/2021,12.79,Grams
409.65,6/2/2019,14.45,Grams
407.38,6/1/2019,14.37,Grams
411.35,9/28/2019,14.51,Grams
361.74,12/25/2021,12.76,Grams
400.29,1/10/2019,14.12,Grams
401.15,4/14/2021,14.15,Grams
398.59,5/27/2021,14.06,Grams
398.03,1/8/2021,14.04,Grams
415.04,10/3/2019,14.64,Grams
407.38,8/15/2020,14.37,Grams
258.83,9/27/2022,9.13,Grams
173.22,2/20/2023,6.11,Grams
402.28,9/4/2020,14.19,Grams
204.12,1/26/2023,7.2,Grams
400.86,2/21/2021,14.14,Grams
400.29,12/30/2020,14.12,Grams
284.35,8/15/2022,10.03,Grams
384.14,5/22/2021,13.55,Grams
417.59,2/21/2019,14.73,Grams
335.09,3/11/2022,11.82,Grams
407.38,5/29/2020,14.37,Grams
415.04,11/24/2019,14.64,Grams
232.18,11/9/2022,8.19,Grams
413.34,11/22/2019,14.58,Grams
216.87,12/27/2022,7.65,Grams
366.84,1/8/2022,12.94,Grams
403.98,7/8/2019,14.25,Grams
218.86,11/22/2022,7.72,Grams
403.98,1/28/2021,14.25,Grams
402.85,3/11/2021,14.21,Grams
403.98,12/12/2020,14.25,Grams
411.92,5/9/2019,14.53,Grams
409.65,2/14/2019,14.45,Grams
405.4,7/14/2020,14.3,Grams
417.59,1/27/2020,14.73,Grams
188.52,10/25/2022,6.65,Grams
319.5,5/22/2022,11.27,Grams
395.76,5/28/2021,13.96,Grams
406.25,8/11/2019,14.33,Grams
197.88,3/16/2023,6.98,Grams
408.8,6/29/2019,14.42,Grams
405.11,4/10/2021,14.29,Grams
157.34,5/4/2023,5.55,Grams
274.42,8/22/2022,9.68,Grams
237,11/2/2022,8.36,Grams
337.08,3/18/2022,11.89,Grams
409.37,3/8/2020,14.44,Grams
329.99,4/11/2022,11.64,Grams
401.71,2/7/2021,14.17,Grams
284.63,7/23/2022,10.04,Grams
221.69,12/7/2022,7.82,Grams
409.65,3/18/2020,14.45,Grams
410.5,6/10/2019,14.48,Grams
411.92,3/20/2019,14.53,Grams
217.72,1/2/2023,7.68,Grams
435.45,2/1/2019,15.36,Grams
272.16,8/27/2022,9.6,Grams
293.7,7/14/2022,10.36,Grams
205.25,12/30/2022,7.24,Grams
403.13,10/28/2020,14.22,Grams
774.79,5/1/2020,27.33,Grams
367.41,12/9/2021,12.96,Grams
405.68,1/23/2021,14.31,Grams
371.38,12/1/2021,13.1,Grams
209.79,1/22/2023,7.4,Grams
413.34,4/14/2019,14.58,Grams
406.53,9/13/2019,14.34,Grams
395.76,6/26/2021,13.96,Grams
156.21,5/1/2023,5.51,Grams
391.79,7/2/2021,13.82,Grams
407.1,10/1/2020,14.36,Grams
409.08,9/20/2020,14.43,Grams
291.72,5/7/2020,10.29,Grams
403.41,6/1/2020,14.23,Grams
280.09,8/14/2022,9.88,Grams
413.05,2/11/2020,14.57,Grams
162.73,4/19/2023,5.74,Grams
196.46,2/13/2023,6.93,Grams
412.2,2/20/2020,14.54,Grams
404.55,9/7/2019,14.27,Grams
407.67,6/13/2019,14.38,Grams
411.63,2/10/2020,14.52,Grams
409.08,3/4/2019,14.43,Grams
371.38,12/6/2021,13.1,Grams
412.77,1/16/2020,14.56,Grams
410.22,12/1/2019,14.47,Grams
163.29,3/1/2023,5.76,Grams
409.65,3/10/2020,14.45,Grams
403.98,2/24/2021,14.25,Grams
173.22,7/25/2023,6.11,Grams
345.58,1/20/2022,12.19,Grams
342.18,3/14/2022,12.07,Grams
314.96,5/15/2022,11.11,Grams
413.9,10/28/2019,14.6,Grams
284.63,7/27/2022,10.04,Grams
385.84,9/14/2021,13.61,Grams
177.18,6/28/2023,6.25,Grams
275.56,8/17/2022,9.72,Grams
384.14,10/10/2021,13.55,Grams
408.23,4/10/2019,14.4,Grams
256.85,9/15/2022,9.06,Grams
354.37,2/7/2022,12.5,Grams
398.31,1/13/2021,14.05,Grams
385.27,9/15/2021,13.59,Grams
405.68,7/21/2020,14.31,Grams
400.29,8/30/2019,14.12,Grams
196.75,3/9/2023,6.94,Grams
175.2,7/27/2023,6.18,Grams
411.63,7/19/2020,14.52,Grams
414.47,10/10/2019,14.62,Grams
416.17,1/19/2019,14.68,Grams
413.62,1/21/2019,14.59,Grams
409.93,11/23/2018,14.46,Grams
413.62,6/9/2019,14.59,Grams
196.75,4/12/2023,6.94,Grams
417.3,10/18/2019,14.72,Grams
386.69,8/25/2021,13.64,Grams
194.48,3/23/2023,6.86,Grams
301.36,5/12/2020,10.63,Grams
403.98,9/21/2019,14.25,Grams
295.69,7/12/2022,10.43,Grams
397.46,4/23/2021,14.02,Grams
182,4/7/2023,6.42,Grams
348.98,2/4/2022,12.31,Grams
360.04,1/13/2022,12.7,Grams
405.68,6/4/2020,14.31,Grams
222.54,12/13/2022,7.85,Grams
294.55,6/28/2022,10.39,Grams
349.27,2/24/2022,12.32,Grams
402,12/16/2020,14.18,Grams
275.84,7/29/2022,9.73,Grams
358.62,2/6/2022,12.65,Grams
279.24,8/20/2022,9.85,Grams
193.91,5/21/2023,6.84,Grams
388.1,8/13/2021,13.69,Grams
412.2,5/27/2019,14.54,Grams
393.21,6/18/2021,13.87,Grams
354.65,1/18/2022,12.51,Grams
283.49,3/29/2020,10,Grams
262.52,9/26/2022,9.26,Grams
402.85,12/2/2020,14.21,Grams
411.92,12/4/2019,14.53,Grams
411.92,3/11/2020,14.53,Grams
404.55,3/18/2021,14.27,Grams
411.07,11/24/2018,14.5,Grams
405.11,8/14/2019,14.29,Grams
287.75,7/24/2022,10.15,Grams
415.32,10/13/2019,14.65,Grams
397.46,5/7/2021,14.02,Grams
386.12,9/17/2021,13.62,Grams
407.1,10/29/2020,14.36,Grams
362.02,1/4/2022,12.77,Grams
172.08,3/6/2023,6.07,Grams
416.45,12/22/2019,14.69,Grams
411.63,1/30/2019,14.52,Grams
405.96,11/29/2020,14.32,Grams
411.63,8/2/2020,14.52,Grams
413.34,2/8/2019,14.58,Grams
413.62,2/28/2020,14.59,Grams
184.84,6/4/2023,6.52,Grams
396.89,7/10/2021,14,Grams
378.18,10/20/2021,13.34,Grams
404.83,9/24/2019,14.28,Grams
394.06,12/11/2018,13.9,Grams
369.11,12/12/2021,13.02,Grams
381.02,11/21/2021,13.44,Grams
322.62,4/14/2022,11.38,Grams
254.01,9/23/2022,8.96,Grams
406.25,6/3/2020,14.33,Grams
355.5,1/16/2022,12.54,Grams
324.03,5/1/2022,11.43,Grams
198.45,4/2/2023,7,Grams
355.5,1/26/2022,12.54,Grams
166.98,2/26/2023,5.89,Grams
400.86,9/1/2020,14.14,Grams
413.34,5/3/2019,14.58,Grams
408.8,2/15/2019,14.42,Grams
369.96,12/2/2021,13.05,Grams
415.04,4/19/2019,14.64,Grams
172.65,7/14/2023,6.09,Grams
407.95,6/29/2020,14.39,Grams
407.38,6/2/2020,14.37,Grams
417.3,1/15/2019,14.72,Grams
411.35,11/1/2019,14.51,Grams
191.93,4/16/2020,6.77,Grams
371.38,11/30/2021,13.1,Grams
180.87,5/27/2023,6.38,Grams
349.83,2/3/2022,12.34,Grams
414.47,12/18/2019,14.62,Grams
408.52,7/20/2019,14.41,Grams
402.28,3/22/2021,14.19,Grams
192.49,3/30/2023,6.79,Grams
404.83,3/13/2021,14.28,Grams
407.1,7/30/2020,14.36,Grams
404.83,8/4/2019,14.28,Grams
398.03,5/1/2021,14.04,Grams
378.75,9/23/2021,13.36,Grams
341.61,3/23/2022,12.05,Grams
